{
  "method": "ViT",
  "grid_results": [
    {
      "lr": 0.0001,
      "epochs": 2,
      "val_history": [
        0.18,
        0.3
      ],
      "test_acc": 0.315,
      "test_prec": 0.3489219787170451,
      "test_rec": 0.315,
      "test_f1": 0.31960878149177385
    },
    {
      "lr": 0.0001,
      "epochs": 4,
      "val_history": [
        0.16,
        0.28,
        0.48,
        0.61
      ],
      "test_acc": 0.505,
      "test_prec": 0.49907137548441893,
      "test_rec": 0.505,
      "test_f1": 0.4684941901494641
    },
    {
      "lr": 5e-05,
      "epochs": 2,
      "val_history": [
        0.19,
        0.21
      ],
      "test_acc": 0.21,
      "test_prec": 0.1978833413943053,
      "test_rec": 0.21000000000000002,
      "test_f1": 0.17573920878717056
    },
    {
      "lr": 5e-05,
      "epochs": 4,
      "val_history": [
        0.2,
        0.24,
        0.3,
        0.37
      ],
      "test_acc": 0.375,
      "test_prec": 0.3441413706318807,
      "test_rec": 0.375,
      "test_f1": 0.33452997307606086
    }
  ],
  "best": {
    "lr": 0.0001,
    "epochs": 4
  },
  "test": {
    "acc": 0.505,
    "prec": 0.49907137548441893,
    "rec": 0.505,
    "f1": 0.4684941901494641
  }
}